name,num_var,num_const,isconstraint,isbounded,importtime
10FOLDTR,1000,1000,True,False,0.1731390228960663
3PK,30,0,False,False,0.0011416610796004534
A0ENDNDL,45006,15002,True,False,0.15068074106238782
A0ENINDL,45006,15002,True,False,0.33508671913295984
A0ENSNDL,45006,15002,True,False,0.3180532259866595
A0ESDNDL,45006,15002,True,False,0.149200479965657
A0ESINDL,45006,15002,True,False,0.34981605503708124
A0ESSNDL,45006,15002,True,False,0.32890777895227075
A0NNDNDL,60012,20004,True,False,0.40835987590253353
A0NNDNIL,60012,20004,True,False,0.20759919611737132
A0NNDNSL,60012,20004,True,False,0.20409131702035666
A0NNSNSL,60012,20004,True,False,0.42013211408630013
A0NSDSDL,60012,20004,True,False,0.2010966839734465
A0NSDSDS,6012,2004,True,False,0.04201215296052396
A0NSDSIL,60012,20004,True,False,0.4096647340338677
A0NSDSSL,60012,20004,True,False,0.42150385002605617
A0NSSSSL,60012,20004,True,False,0.4273449219763279
A2ENDNDL,45006,15002,True,False,0.3479532808996737
A2ENINDL,45006,15002,True,False,0.3018416790291667
A2ENSNDL,45006,15002,True,False,0.29326092707924545
A2ESDNDL,45006,15002,True,False,0.30218594800680876
A2ESINDL,45006,15002,True,False,0.16547423601150513
A2ESSNDL,45006,15002,True,False,0.38913579494692385
A2NNDNDL,60012,20004,True,False,0.5647759020794183
A2NNDNIL,60012,20004,True,False,0.2079893930349499
A2NNDNSL,60012,20004,True,False,0.416677009081468
A2NNSNSL,60012,20004,True,False,0.20178599492646754
A2NSDSDL,60012,20004,True,False,0.38833825616165996
A2NSDSIL,60012,20004,True,False,0.20186792104505002
A2NSDSSL,60012,20004,True,False,0.38960369187407196
A2NSSSSL,60012,20004,True,False,0.397405857918784
A4X12,130,385,True,False,0.03297877102158964
A5ENDNDL,45006,15002,True,False,0.2960580938961357
A5ENINDL,45006,15002,True,False,0.2986934401560575
A5ENSNDL,45006,15002,True,False,0.1481431140564382
A5ESDNDL,45006,15002,True,False,0.3221102370880544
A5ESINDL,45006,15002,True,False,0.1477186088450253
A5ESSNDL,45006,15002,True,False,0.2874468839727342
A5NNDNDL,60012,20004,True,False,0.4081495110876858
A5NNDNIL,60012,20004,True,False,0.4177332748658955
A5NNDNSL,60012,20004,True,False,0.4514219150878489
A5NNSNSL,60012,20004,True,False,0.20410002791322768
A5NSDSDL,60012,20004,True,False,0.20390582783147693
A5NSDSDM,6012,2004,True,False,0.04430309101007879
A5NSDSIL,60012,20004,True,False,0.4120212560519576
A5NSDSSL,60012,20004,True,False,0.20216132304631174
A5NSSNSM,6012,2004,True,False,0.0376977298874408
A5NSSSSL,60012,20004,True,False,0.41017700103111565
ACOPP118,344,608,True,False,0.008294832892715931
ACOPP14,38,68,True,False,0.001360755180940032
ACOPP30,72,142,True,False,0.0022444608621299267
ACOPP300,738,1422,True,False,0.03220271202735603
ACOPP57,128,274,True,False,0.003867500927299261
ACOPR118,344,726,True,False,0.024693993153050542
ACOPR14,38,82,True,False,0.0027009460609406233
ACOPR30,72,172,True,False,0.004046162124723196
ACOPR300,738,1722,True,False,0.03705995809286833
ACOPR57,128,331,True,False,0.023089927854016423
AGG,163,488,True,False,0.0031359500717371702
AIRCRFTA,8,5,True,False,0.019229186000302434
AIRCRFTB,8,0,False,False,0.0007229710463434458
AIRPORT,84,42,True,True,0.02445460599847138
AKIVA,2,0,False,False,0.0008415761403739452
ALJAZZAF,1000,1,True,False,0.010976993013173342
ALLINIT,4,0,False,False,0.0008044901769608259
ALLINITA,4,4,True,False,0.0007286521140486002
ALLINITC,4,1,True,False,0.0006970551330596209
ALLINITU,4,0,False,False,0.0006982870399951935
ALLINQP,50000,25000,True,False,0.5277183291036636
ALSOTAME,2,1,True,True,0.000990607077255845
ANTWERP,27,10,True,False,0.0008489058818668127
ARGAUSS,3,15,True,False,0.0006955252029001713
ARGLALE,200,400,True,False,0.0555288300383836
ARGLBLE,200,400,True,False,0.05923753301613033
ARGLCLE,200,399,True,False,0.06169455195777118
ARGLINA,200,0,False,False,0.07038593594916165
ARGLINB,200,0,False,False,0.06705825007520616
ARGLINC,200,0,False,False,0.059090079041197896
ARGTRIG,200,200,True,False,0.05303475400432944
ARGTRIGLS,10,0,False,False,0.0009850019123405218
ARTIF,5002,5000,True,False,0.06108690914697945
ARWHDNE,500,998,True,False,0.008128193905577064
ARWHEAD,5000,0,False,False,0.1142750910948962
AUG2D,20200,10000,True,False,0.11385569092817605
AUG2DC,20200,10000,True,False,0.20164619106799364
AUG2DCQP,20200,10000,True,False,0.10827166889794171
AUG2DQP,20200,10000,True,False,0.20130118797533214
AUG3D,27543,8000,True,False,0.12442457908764482
AUG3DC,27543,8000,True,False,0.2728488678112626
AUG3DCQP,27543,8000,True,False,0.13512115995399654
AUG3DQP,27543,8000,True,False,0.24676573486067355
AVGASA,8,10,True,True,0.0009527150541543961
AVGASB,8,10,True,True,0.0007072549778968096
AVION2,49,15,True,True,0.0008675700519233942
BA-L1,57,12,True,False,0.0007629350293427706
BA-L16,66462,167436,True,False,121.16093631694093
BA-L1LS,57,0,False,False,0.0011000430677086115
BA-L1SP,57,12,True,False,0.009981631068512797
BA-L1SPLS,57,0,False,False,0.010497475042939186
BARD,3,0,False,False,0.0009561041370034218
BARDNE,3,15,True,False,0.0007831188850104809
BATCH,48,73,True,False,0.0010324199683964252
BDEXP,5000,0,False,False,0.04629039508290589
BDQRTIC,5000,0,False,False,0.1278917829040438
BDVALUE,5002,5000,True,False,0.032008753856644034
BDVALUES,10002,10000,True,False,0.06308441702276468
BEALE,2,0,False,False,0.0008902850095182657
BENNETT5,3,154,True,False,0.0013930159620940685
BENNETT5LS,3,0,False,False,0.0014497931115329266
BIGBANK,2230,1112,True,True,0.018286542035639286
BIGGS3,6,0,False,False,0.000991589855402708
BIGGS5,6,0,False,False,0.0007779279258102179
BIGGS6,6,0,False,False,0.0007491880096495152
BIGGS6NE,6,13,True,False,0.0007566898129880428
BIGGSB1,5000,0,False,False,0.03900002897717059
BIGGSC4,4,7,True,True,0.0012520190794020891
BLEACHNG,17,0,False,False,0.04320788290351629
BLOCKQP1,10010,5001,True,True,0.10219204681925476
BLOCKQP2,10010,5001,True,True,0.10417222115211189
BLOCKQP3,10010,5001,True,True,0.10987297096289694
BLOCKQP4,10010,5001,True,True,0.11199662112630904
BLOCKQP5,10010,5001,True,True,0.11553366901353002
BLOWEYA,4002,2002,True,False,0.03864567005075514
BLOWEYB,4002,2002,True,False,0.02326998906210065
BLOWEYC,4002,2002,True,False,0.04789665597490966
BOOTH,2,2,True,False,0.0010149069130420685
BOX,10000,0,False,False,0.2518479179125279
BOX2,3,0,False,False,0.0009546009823679924
BOX3,3,0,False,False,0.0007116759661585093
BOX3NE,3,10,True,False,0.0007037690375000238
BOXBOD,2,6,True,False,0.0006493169348686934
BOXBODLS,2,0,False,False,0.0007799658924341202
BOXPOWER,20000,0,False,False,0.16162545094266534
BQP1VAR,1,0,False,True,0.0008984410669654608
BQPGABIM,50,0,False,True,0.0009603151120245457
BQPGASIM,50,0,False,True,0.0009632529690861702
BQPGAUSS,2003,0,False,True,0.01775515591725707
BRAINPC0,6907,6900,True,False,0.28968232893384993
BRAINPC1,6907,6900,True,False,0.2519907080568373
BRAINPC2,13807,13800,True,False,0.9189184699207544
BRAINPC3,6907,6900,True,False,0.3401219139341265
BRAINPC4,6907,6900,True,False,0.2951336270198226
BRAINPC5,6907,6900,True,False,0.29335120879113674
BRAINPC6,6907,6900,True,False,0.2930057889316231
BRAINPC7,6907,6900,True,False,0.30538101214915514
BRAINPC8,6907,6900,True,False,0.31383766792714596
BRAINPC9,6907,6900,True,False,0.3041822658851743
BRATU1D,5003,0,False,False,0.1151967088226229
BRATU2D,5184,4900,True,False,0.03259575390256941
BRATU2DT,5184,4900,True,False,0.06402035895735025
BRATU3D,4913,3375,True,False,0.05039886082522571
BRIDGEND,2734,2727,True,False,0.01662219688296318
BRITGAS,450,360,True,False,0.015208595199510455
BRKMCC,2,0,False,False,0.0008001888636499643
BROWNAL,200,0,False,False,0.034974806010723114
BROWNALE,200,200,True,False,0.03649179683998227
BROWNBS,2,0,False,False,0.0009353058412671089
BROWNDEN,4,0,False,False,0.000832228921353817
BROWNDENE,4,0,False,False,0.0008141160942614079
BROYDN3D,5000,5000,True,False,0.054126091999933124
BROYDN3DLS,10,0,False,False,0.0009329060558229685
BROYDN7D,5000,0,False,False,0.059309232980012894
BROYDNBD,5000,5000,True,False,0.09502974292263389
BROYDNBDLS,10,0,False,False,0.0009713540785014629
BRYBND,5000,0,False,False,0.10256488295271993
BT1,2,1,True,False,0.0009307700674980879
BT10,2,2,True,False,0.0007055809255689383
BT11,5,3,True,False,0.0006631819996982813
BT12,5,3,True,False,0.0006646718829870224
BT13,5,1,True,False,0.0006529348902404308
BT2,3,1,True,False,0.0006520210299640894
BT3,5,3,True,False,0.0006548708770424128
BT4,3,2,True,False,0.0006423410959541798
BT5,3,2,True,False,0.0006798768881708384
BT6,5,2,True,False,0.0006550329271703959
BT7,5,3,True,False,0.0006590059492737055
BT8,5,2,True,False,0.0007450219709426165
BT9,4,2,True,False,0.000672750873491168
BTS4,36570,36310,True,True,0.45737116201780736
BURKEHAN,1,1,True,False,0.0010404950007796288
BYRDSPHR,3,2,True,False,0.0008419149089604616
C-RELOAD,342,284,True,False,0.017255425918847322
CAMEL6,2,0,False,True,0.0009225050453096628
CAMSHAPE,800,1603,True,True,0.025372281903401017
CANTILVR,5,1,True,False,0.0009714670013636351
CAR2,5999,4996,True,False,0.07645633304491639
CATENA,3003,1000,True,False,0.025181645061820745
CATENARY,3003,1000,True,False,0.02088203397579491
CATMIX,2403,1600,True,False,0.059487965889275074
CB2,3,3,True,False,0.0010185327846556902
CB3,3,3,True,False,0.0006978490855544806
CBRATU2D,3200,2888,True,False,0.04240578203462064
CBRATU3D,3456,2000,True,False,0.03730665915645659
CBS,11163,244,True,False,0.03562241303734481
CHACONN1,3,3,True,False,0.0009191411081701517
CHACONN2,3,3,True,False,0.0006687268614768982
CHAIN,802,401,True,False,0.020851318957284093
CHAINWOO,4000,0,False,False,0.0855604421813041
CHANDHEQ,100,100,True,False,0.03767763404175639
CHANNEL,9600,9598,True,False,0.12212031497620046
CHEBYQAD,100,0,False,True,0.023058074060827494
CHEMRCTA,5000,5000,True,False,0.06682004500180483
CHEMRCTB,5000,5000,True,False,0.053043868159875274
CHENHARK,5000,0,False,False,0.04773682402446866
CHNROSNB,50,0,False,False,0.0013656460214406252
CHNRSBNE,50,98,True,False,0.0010691860225051641
CHNRSNBM,50,0,False,False,0.001036431873217225
CHWIRUT1,3,214,True,False,0.001878810115158558
CHWIRUT1LS,3,0,False,False,0.0017967510502785444
CHWIRUT2,3,54,True,False,0.0008898309897631407
CHWIRUT2LS,3,0,False,False,0.0009610899724066257
CLIFF,2,0,False,False,0.0048413630574941635
CLNLBEAM,6003,4000,True,False,0.06708514015190303
CLPLATEA,5041,0,False,False,0.12507447111420333
CLPLATEB,5041,0,False,False,0.12084440002217889
CLPLATEC,5041,0,False,False,0.13543268386274576
CLUSTER,2,2,True,False,0.001488136826083064
CONCON,15,11,True,False,0.001339225098490715
CONGIGMZ,3,5,True,False,0.001232669921591878
CONT5-QP,40601,40200,True,True,0.524630845990032
CONT6-QQ,20002,10197,True,True,0.10044377599842846
COOLHANS,9,9,True,False,0.0010884960647672415
CORE1,65,59,True,False,0.0009459240827709436
CORE2,157,134,True,False,0.0013341219164431095
CORKSCRW,4506,3500,True,False,0.035995926009491086
COSHFUN,6001,2000,True,False,0.04704378708265722
COSINE,10000,0,False,False,0.08770395605824888
CRAGGLVY,5000,0,False,False,0.07960294606164098
CRESC100,6,200,True,False,0.007351160980761051
CRESC132,6,2654,True,False,0.21022196090780199
CRESC4,6,8,True,False,0.0009848650079220533
CRESC50,6,100,True,False,0.0014783309306949377
CSFI1,5,4,True,False,0.0006832010112702847
CSFI2,5,4,True,False,0.0006743138656020164
CUBE,2,0,False,False,0.0006607798859477043
CUBENE,2,2,True,False,0.0006943319458514452
CURLY10,10000,0,False,False,0.15478376299142838
CURLY20,10000,0,False,False,0.23941314010880888
CURLY30,10000,0,False,False,0.30665074405260384
CVXBQP1,10000,0,False,True,0.04969412786886096
CVXQP1,10000,5000,True,True,0.13138353591784835
CVXQP2,10000,2500,True,True,0.11497933999635279
CVXQP3,10000,7500,True,True,0.07416880899108946
CYCLIC3,100002,100002,True,False,0.5796479051932693
DALE,16514,405,True,False,0.1107741470914334
DALLASL,906,667,True,True,0.0058855770621448755
DALLASM,196,151,True,True,0.0018214480951428413
DALLASS,46,31,True,True,0.000895004952326417
DANWOOD,2,6,True,False,0.0007005429361015558
DANWOODLS,2,0,False,False,0.0007186441216617823
DECONVB,63,0,False,False,0.0016221168916672468
DECONVC,63,1,True,False,0.0016748690977692604
DECONVNE,63,40,True,False,0.0015773989725857973
DECONVU,63,0,False,False,0.0015310370363295078
DEGDIAG,100001,0,False,False,0.4748248909600079
DEGENLPA,20,15,True,True,0.0011764471419155598
DEGENLPB,20,15,True,True,0.000944158062338829
DEGENQP,50,125025,True,True,0.747176957083866
DEGENQPC,50,19625,True,True,0.13073301198892295
DEGTRID,100001,0,False,False,0.7710617948323488
DEGTRID2,100001,0,False,False,0.7473723019938916
DEGTRIDL,100001,1,True,False,0.8865146560128778
DEMBO7,16,20,True,True,0.0013530149590224028
DEMYMALO,3,3,True,False,0.0009027838241308928
DENSCHNA,2,0,False,False,0.0008371239528059959
DENSCHNB,2,0,False,False,0.0008282701019197702
DENSCHNC,2,0,False,False,0.0008652941323816776
DENSCHND,3,0,False,False,0.0008213859982788563
DENSCHNE,3,0,False,False,0.0008168800268322229
DENSCHNF,2,0,False,False,0.0007998200599104166
DIPIGRI,7,4,True,False,0.0008429968729615211
DISC2,29,23,True,False,0.001040071016177535
DISCS,36,66,True,False,0.001362222945317626
DITTERT,1133,1034,True,False,0.02556165703572333
DIXCHLNG,10,5,True,False,0.001208730973303318
DIXCHLNV,1000,500,True,False,0.4961424448993057
DIXMAANA,3000,0,False,False,0.015113168861716986
DIXMAANB,3000,0,False,False,0.02506638690829277
DIXMAANC,3000,0,False,False,0.029200911056250334
DIXMAAND,3000,0,False,False,0.028252585092559457
DIXMAANE,3000,0,False,False,0.015643588034436107
DIXMAANF,3000,0,False,False,0.028363050892949104
DIXMAANG,3000,0,False,False,0.02550779189914465
DIXMAANH,3000,0,False,False,0.016221795929595828
DIXMAANI,3000,0,False,False,0.030120714101940393
DIXMAANJ,3000,0,False,False,0.02555757504887879
DIXMAANK,3000,0,False,False,0.015876438934355974
DIXMAANL,3000,0,False,False,0.01583019201643765
DIXMAANM,3000,0,False,False,0.022690202109515667
DIXMAANN,3000,0,False,False,0.027025897055864334
DIXMAANO,3000,0,False,False,0.01635134289972484
DIXMAANP,3000,0,False,False,0.02863952307961881
DIXON3DQ,10000,0,False,False,0.08079213881865144
DJTL,2,0,False,False,0.0030408098828047514
DNIEPER,61,24,True,False,0.0009288049768656492
DQDRTIC,5000,0,False,False,0.11994055192917585
DQRTIC,5000,0,False,False,0.02212304901331663
DRCAV1LQ,4489,0,False,False,0.10617656609974802
DRCAV2LQ,4489,0,False,False,0.10728167300112545
DRCAV3LQ,4489,0,False,False,0.1149508620146662
DRCAVTY1,4489,3969,True,False,0.052240578923374414
DRCAVTY2,4489,3969,True,False,0.10344830015674233
DRCAVTY3,4489,3969,True,False,0.10467147082090378
DRUGDIS,6004,4000,True,False,0.3077219750266522
DRUGDISE,603,500,True,False,0.004587006056681275
DTOC1L,5998,3996,True,False,0.040089272893965244
DTOC1NA,5998,3996,True,False,0.11639173794537783
DTOC1NB,5998,3996,True,False,0.11942068883217871
DTOC1NC,5998,3996,True,False,0.11710096499882638
DTOC1ND,5998,3996,True,False,0.09943690779618919
DTOC2,5998,3996,True,False,0.03147731185890734
DTOC3,4499,2998,True,False,0.025605563074350357
DTOC4,4499,2998,True,False,0.04791353805921972
DTOC5,9999,4999,True,False,0.07816963992081583
DTOC6,10001,5000,True,False,0.06096311518922448
DUAL1,85,1,True,True,0.020343505078926682
DUAL2,96,1,True,True,0.01973365992307663
DUAL3,111,1,True,True,0.02354150591418147
DUAL4,75,1,True,True,0.016659168992191553
DUALC1,9,215,True,True,0.0021163520868867636
DUALC2,7,229,True,True,0.0018398819956928492
DUALC5,8,278,True,True,0.013659358955919743
DUALC8,8,503,True,True,0.003722378984093666
ECKERLE4,3,35,True,False,0.0008376550395041704
ECKERLE4LS,3,0,False,False,0.0008236519061028957
EDENSCH,2000,0,False,False,0.03278861287981272
EG1,3,0,False,False,0.0009340939577668905
EG2,1000,0,False,False,0.005833745934069157
EG3,10001,20000,True,False,0.4859142401255667
EIGENA,2550,2550,True,False,0.8354531519580632
EIGENA2,2550,1275,True,False,0.2121915949974209
EIGENACO,2550,1275,True,False,0.8411968080326915
EIGENALS,2550,0,False,False,0.6492151899728924
EIGENAU,2550,2550,True,False,0.6581719280220568
EIGENB,2550,2550,True,False,0.8535751388408244
EIGENB2,2550,1275,True,False,0.1149046269711107
EIGENBCO,2550,1275,True,False,0.6509826879482716
EIGENBLS,2550,0,False,False,0.8300930431578308
EIGENC,2652,2652,True,False,0.9112501488998532
EIGENC2,2652,1326,True,False,0.2249641080852598
EIGENCCO,2652,1326,True,False,0.8855654790531844
EIGENCLS,2652,0,False,False,0.915522342780605
EIGMAXA,101,101,True,True,0.0016220889519900084
EIGMAXB,101,101,True,True,0.0013537891209125519
EIGMAXC,202,202,True,True,0.0021184429060667753
EIGMINA,101,101,True,True,0.0013130169827491045
EIGMINB,101,101,True,True,0.0013955491594970226
EIGMINC,202,202,True,True,0.002105207182466984
ELATTAR,7,102,True,False,0.0014189628418534994
ELEC,600,200,True,False,0.14931294601410627
ENGVAL1,5000,0,False,False,0.08630703995004296
ENGVAL2,3,0,False,False,0.0010504780802875757
ENSO,9,168,True,False,0.003211282892152667
ENSOLS,9,0,False,False,0.0032427881378680468
EQC,9,3,True,True,0.0008199959993362427
ERRINBAR,18,9,True,False,0.0007882639765739441
ERRINROS,50,0,False,False,0.0011247789952903986
ERRINRSM,50,0,False,False,0.0011567571200430393
EXPFIT,2,0,False,False,0.0008715370204299688
EXPFITA,5,22,True,False,0.0008551559876650572
EXPFITB,5,102,True,False,0.021792111918330193
EXPFITC,5,502,True,False,0.004116106079891324
EXPLIN,1200,0,False,True,0.017165013821795583
EXPLIN2,1200,0,False,True,0.0028479050379246473
EXPQUAD,1200,0,False,False,0.006894736085087061
EXTRASIM,2,1,True,False,0.0009102930780500174
EXTROSNB,1000,0,False,False,0.016181372106075287
FBRAIN,2,2211,True,False,0.09169599786400795
FBRAIN2,4,2211,True,False,0.22513814992271364
FBRAIN2LS,4,0,False,True,0.22043297486379743
FBRAIN3,6,2211,True,False,0.3606578800827265
FBRAIN3LS,6,0,False,False,0.3585388781502843
FBRAINLS,2,0,False,True,0.10082536400295794
FCCU,19,8,True,False,0.0010478429030627012
FEEDLOC,90,259,True,True,0.002517904154956341
FERRISDC,2200,210,True,False,0.753440401982516
FIVE20B,34552,52983,True,True,0.5553355379961431
FIVE20C,34501,58825,True,True,0.5774099649861455
FLETBV3M,5000,0,False,False,0.08988188114017248
FLETCBV2,5000,0,False,False,0.09933599201031029
FLETCBV3,5000,0,False,False,0.1063551758415997
FLETCHBV,5000,0,False,False,0.061763823963701725
FLETCHCR,1000,0,False,False,0.008373528951779008
FLETCHER,4,4,True,False,0.0007707909680902958
FLOSP2HH,2883,2763,True,False,0.04058297793380916
FLOSP2HL,2883,2763,True,False,0.03879614290781319
FLOSP2HM,2883,2763,True,False,0.020583312027156353
FLOSP2TH,2883,2763,True,False,0.020496092038229108
FLOSP2TL,2883,2763,True,False,0.0421730421949178
FLOSP2TM,2883,2763,True,False,0.03078453801572323
FLT,2,2,True,False,0.000999170122668147
FMINSRF2,5625,0,False,False,0.0647723451256752
FMINSURF,5625,0,False,False,0.07570406491868198
FREURONE,2,2,True,False,0.0010197521187365055
FREUROTH,5000,0,False,False,0.10496553918346763
GASOIL,10403,10398,True,False,0.1356352020520717
GAUSS1,8,250,True,False,0.0037061760667711496
GAUSS1LS,8,0,False,False,0.0034005800262093544
GAUSS2,8,250,True,False,0.0034783021546900272
GAUSS2LS,8,0,False,False,0.0037335820961743593
GAUSS3,8,250,True,False,0.0035595521330833435
GAUSS3LS,8,0,False,False,0.003493107156828046
GAUSSELM,22140,61542,True,False,0.5321177060250193
GAUSSIAN,3,0,False,False,0.0030605560168623924
GBRAIN,2,2200,True,False,0.09118525311350822
GBRAINLS,2,0,False,False,0.10077633010223508
GENHS28,10,8,True,False,0.0010419939644634724
GENHUMPS,5000,0,False,False,0.04771815915592015
GENROSE,500,0,False,False,0.018954095896333456
GENROSEB,500,0,False,True,0.01420699805021286
GIGOMEZ1,3,3,True,False,0.0008848330471664667
GIGOMEZ2,3,3,True,False,0.0007335541304200888
GIGOMEZ3,3,3,True,False,0.0006875188555568457
GILBERT,5000,1,True,False,0.05989115312695503
GLIDER,5214,4808,True,False,0.07735732500441372
GMNCASE1,175,300,True,False,0.03572772606275976
GMNCASE2,175,1050,True,False,0.06866093282587826
GMNCASE3,175,1050,True,False,0.05918999179266393
GMNCASE4,175,350,True,False,0.06989076896570623
GOFFIN,51,50,True,False,0.002002128167077899
GOTTFR,2,2,True,False,0.0007254281081259251
GOULDQP1,32,17,True,True,0.0008223589975386858
GOULDQP2,19999,9999,True,True,0.1577680699992925
GOULDQP3,19999,9999,True,True,0.28118673898279667
GRIDGENA,6218,0,False,True,0.05443565407767892
GRIDNETA,7564,3844,True,False,0.07234859210439026
GRIDNETB,7564,3844,True,False,0.06131078605540097
GRIDNETC,7564,3844,True,False,0.06355015304870903
GRIDNETD,7564,3844,True,False,0.07247284706681967
GRIDNETE,7564,3844,True,False,0.19682354014366865
GRIDNETF,7564,3844,True,False,0.06868380797095597
GRIDNETG,7564,3844,True,False,0.08566164202056825
GRIDNETH,7564,3844,True,False,0.05196940409950912
GRIDNETI,7564,3844,True,False,0.07246244186535478
GROUPING,100,125,True,True,0.0016857539303600788
GROWTH,3,12,True,False,0.0007617499213665724
GROWTHLS,3,0,False,False,0.0007956759072840214
GULF,3,0,False,False,0.0011525601148605347
GULFNE,3,99,True,False,0.001132437027990818
HADAMALS,400,0,False,True,0.02212072699330747
HADAMARD,401,1010,True,False,0.02034616912715137
HAGER1,5001,2500,True,False,0.04231451801024377
HAGER2,5001,2500,True,False,0.032023100880905986
HAGER3,5001,2500,True,False,0.10286003700457513
HAGER4,5001,2500,True,False,0.04772604187019169
HAHN1,7,236,True,False,0.003695769002661109
HAHN1LS,7,0,False,False,0.00342463213019073
HAIFAL,343,8958,True,False,0.4031892910134047
HAIFAM,99,150,True,False,0.0026272160466760397
HAIFAS,13,9,True,False,0.0007703809533268213
HAIRY,2,0,False,False,0.0011791011784225702
HALDMADS,6,42,True,False,0.0009223949164152145
HANGING,3600,2330,True,False,0.03921189601533115
HARKERP2,1000,0,False,False,0.9296728640329093
HART6,6,0,False,True,0.001105712028220296
HATFLDA,4,0,False,False,0.0007500338833779097
HATFLDB,4,0,False,False,0.0007314349059015512
HATFLDC,25,0,False,False,0.0009270431473851204
HATFLDD,3,0,False,False,0.0008041791152209044
HATFLDE,3,0,False,False,0.0008553811348974705
HATFLDF,3,3,True,False,0.0007164848502725363
HATFLDFL,3,0,False,False,0.0007116671185940504
HATFLDG,25,25,True,False,0.0008509410545229912
HATFLDH,4,7,True,True,0.0007468380499631166
HEART6,6,6,True,False,0.000834867125377059
HEART6LS,6,0,False,False,0.0007612430490553379
HEART8,8,8,True,False,0.011367807164788246
HEART8LS,8,0,False,False,0.009658230934292078
HELIX,3,0,False,False,0.0008773941081017256
HELIXNE,3,3,True,False,0.0007197849918156862
HELSBY,1408,1399,True,False,0.024800478015094995
HET-Z,2,1002,True,False,0.006739740027114749
HIE1327D,1183,1443,True,False,0.015475642867386341
HIE1372D,637,525,True,False,0.004484328906983137
HIELOW,3,0,False,False,0.0007905601523816586
HIER13,2020,3313,True,True,0.037888803984969854
HIER133A,2197,3549,True,False,0.03795090410858393
HIER133B,2197,3549,True,False,0.03569662687368691
HIER133C,2197,3549,True,False,0.0390807359945029
HIER133D,2197,3549,True,False,0.10195637797005475
HIER133E,2197,3549,True,False,0.047889189096167684
HIER16,3564,5484,True,True,0.05343372491188347
HIER163A,4096,5376,True,False,0.06076402496546507
HIER163B,4096,5376,True,False,0.03314806683920324
HIER163C,4096,5376,True,False,0.03085948107764125
HIER163D,4096,5376,True,False,0.05989554105326533
HIER163E,4096,5376,True,False,0.059532739920541644
HILBERTA,2,0,False,False,0.0009579269681125879
HILBERTB,10,0,False,False,0.004624803084880114
HIMMELBA,2,2,True,False,0.0007152510806918144
HIMMELBB,2,0,False,False,0.0006570720579475164
HIMMELBC,2,2,True,False,0.0006572140846401453
HIMMELBD,2,2,True,False,0.0007034339942038059
HIMMELBE,3,3,True,False,0.0006975040305405855
HIMMELBF,4,0,False,False,0.0006909959483891726
HIMMELBG,2,0,False,False,0.0006608350668102503
HIMMELBH,2,0,False,False,0.0006723189726471901
HIMMELBI,100,12,True,True,0.0011634430848062038
HIMMELBJ,45,14,True,False,0.0011739099863916636
HIMMELBK,24,14,True,False,0.0012146548833698034
HIMMELP1,2,0,False,True,0.0006952008698135614
HIMMELP2,2,1,True,True,0.0006834620144218206
HIMMELP3,2,2,True,True,0.0007196981459856033
HIMMELP4,2,3,True,True,0.0007480659987777472
HIMMELP5,2,3,True,True,0.0007027809042483568
HIMMELP6,2,5,True,True,0.00073023303411901
HOLMES,180,0,False,False,0.2678605259861797
HONG,4,1,True,True,0.0009958429727703333
HS1,2,0,False,False,0.0007014619186520576
HS10,2,1,True,False,0.0006817530374974012
HS100,7,4,True,False,0.000724185025319457
HS100LNP,7,2,True,False,0.0006963158957660198
HS100MOD,7,4,True,False,0.0007548211142420769
HS101,7,5,True,True,0.0007476869504898787
HS102,7,5,True,True,0.000755291897803545
HS103,7,5,True,True,0.000749171944335103
HS104,8,5,True,True,0.0007351480890065432
HS105,8,1,True,True,0.003930513048544526
HS106,8,6,True,True,0.0009795199148356915
HS107,9,6,True,False,0.000828365096822381
HS108,9,13,True,False,0.0007921580690890551
HS109,9,10,True,False,0.0007711369544267654
HS11,2,1,True,False,0.000699023948982358
HS110,10,0,False,True,0.0007643650751560926
HS111,10,3,True,True,0.0007440720219165087
HS111LNP,10,3,True,False,0.0007835959549993277
HS112,10,3,True,False,0.0007734610699117184
HS113,10,8,True,False,0.0007447497919201851
HS114,10,11,True,True,0.014584625139832497
HS116,13,14,True,True,0.0012131300754845142
HS117,15,5,True,False,0.0010054409503936768
HS118,15,17,True,True,0.0010097601916640997
HS119,16,8,True,True,0.0015148769598454237
HS12,2,1,True,False,0.0013476309832185507
HS13,2,1,True,False,0.0009191439021378756
HS14,2,2,True,False,0.0008838491048663855
HS15,2,2,True,False,0.000879442086443305
HS16,2,2,True,False,0.0008913148194551468
HS17,2,2,True,False,0.0008674468845129013
HS18,2,2,True,True,0.000869617098942399
HS19,2,2,True,True,0.009944686898961663
HS2,2,0,False,False,0.0010761821176856756
HS20,2,3,True,False,0.000822453061118722
HS21,2,1,True,True,0.0008084280416369438
HS21MOD,7,1,True,False,0.0008578191045671701
HS22,2,2,True,False,0.0009119769092649221
HS23,2,5,True,True,0.0008732560090720654
HS24,2,3,True,False,0.0009125981014221907
HS25,3,0,False,True,0.0013356460258364677
HS26,3,1,True,False,0.000884166918694973
HS268,5,5,True,False,0.0009314559865742922
HS27,3,1,True,False,0.0008416781201958656
HS28,3,1,True,False,0.0008199310395866632
HS29,3,1,True,False,0.0008245599456131458
HS3,2,0,False,False,0.0008833238389343023
HS30,3,1,True,True,0.0008437591604888439
HS31,3,1,True,True,0.0008102781139314175
HS32,3,2,True,False,0.0007956919725984335
HS33,3,2,True,False,0.0008095188532024622
HS34,3,2,True,True,0.000810462050139904
HS35,3,1,True,False,0.0008268931414932013
HS35I,3,1,True,True,0.0008611239027231932
HS35MOD,3,1,True,False,0.0008001190144568682
HS36,3,1,True,True,0.0008182821329683065
HS37,3,2,True,True,0.0008351029828190804
HS38,4,0,False,True,0.0008189799264073372
HS39,4,2,True,False,0.0007964607793837786
HS3MOD,2,0,False,False,0.0007999599911272526
HS4,2,0,False,False,0.0008317769970744848
HS40,4,3,True,False,0.000820463988929987
HS41,4,1,True,True,0.0007552490569651127
HS42,4,2,True,False,0.0007656759116798639
HS43,4,3,True,False,0.0007922560907900333
HS44,4,6,True,False,0.000779150053858757
HS44NEW,4,6,True,False,0.0007799810264259577
HS45,5,0,False,True,0.0007981481030583382
HS46,5,2,True,False,0.0007732301019132137
HS47,5,3,True,False,0.0007811940740793943
HS48,5,2,True,False,0.0008163598831743002
HS49,5,2,True,False,0.000895968871191144
HS5,2,0,False,True,0.0008852081373333931
HS50,5,3,True,False,0.0008048589807003736
HS51,5,3,True,False,0.000836176797747612
HS52,5,3,True,False,0.0008137521799653769
HS53,5,3,True,True,0.0007516159676015377
HS54,6,1,True,True,0.000749245984479785
HS55,6,6,True,False,0.0007533570751547813
HS56,7,4,True,False,0.0007803381886333227
HS57,2,1,True,False,0.0009051528759300709
HS59,2,3,True,True,0.0007919068448245525
HS6,2,1,True,False,0.0007510350551456213
HS60,3,1,True,True,0.0007439181208610535
HS61,3,2,True,False,0.0007399010937660933
HS62,3,1,True,True,0.0008348298724740744
HS63,3,2,True,False,0.0007568248547613621
HS64,3,1,True,False,0.0007886260282248259
HS65,3,1,True,True,0.0007571449968963861
HS66,3,2,True,True,0.0007492669392377138
HS67,3,14,True,True,0.0008306109812110662
HS68,4,2,True,True,0.0007441949564963579
HS69,4,2,True,True,0.000725381076335907
HS7,2,1,True,False,0.0007112119346857071
HS70,4,1,True,True,0.0008600631263107061
HS71,4,2,True,True,0.0007320309523493052
HS72,4,2,True,True,0.000734084052965045
HS73,4,3,True,False,0.0007359290029853582
HS74,4,5,True,True,0.0007506131660193205
HS75,4,5,True,True,0.0007375129498541355
HS76,4,3,True,False,0.0007356740534305573
HS76I,4,3,True,True,0.0007907550316303968
HS77,5,2,True,False,0.0007393020205199718
HS78,5,3,True,False,0.0007435199804604053
HS79,5,3,True,False,0.000734640983864665
HS8,2,2,True,False,0.000719310948625207
HS80,5,3,True,True,0.0007366228383034468
HS81,5,3,True,True,0.0007253028452396393
HS83,5,3,True,True,0.0007828590460121632
HS84,5,3,True,True,0.0007435970474034548
HS85,5,21,True,True,0.0008956228848546743
HS86,5,10,True,False,0.0008057050872594118
HS87,6,4,True,True,0.0007304439786821604
HS88,2,1,True,False,0.0007065848913043737
HS89,3,1,True,False,0.0007011669222265482
HS9,2,1,True,False,0.0011208790820091963
HS90,4,1,True,False,0.0007858781609684229
HS91,5,1,True,False,0.0007059681229293346
HS92,6,1,True,False,0.0007047168910503387
HS93,6,2,True,False,0.0007257049437612295
HS95,6,4,True,True,0.000737559050321579
HS96,6,4,True,True,0.0007516881451010704
HS97,6,4,True,True,0.0008030550088733435
HS98,6,4,True,True,0.0007765339687466621
HS99,7,2,True,True,0.0007150429300963879
HS99EXP,31,21,True,False,0.0008411121089011431
HUBFIT,2,1,True,False,0.0007400161121040583
HUES-MOD,5000,2,True,False,0.04977660393342376
HUESTIS,5000,2,True,False,0.031691091135144234
HUMPS,2,0,False,False,0.0010278148110955954
HVYCRASH,4004,3000,True,False,0.021625264082103968
HYDC20LS,99,0,False,False,0.002908330876380205
HYDCAR20,99,99,True,False,0.017349440837278962
HYDCAR6,29,29,True,False,0.0014670051168650389
HYDROELL,1009,1008,True,True,0.021733024157583714
HYDROELM,505,504,True,True,0.004238942870870233
HYDROELS,169,168,True,True,0.001837919931858778
HYPCIR,2,2,True,False,0.0007038319017738104
INDEF,5000,0,False,False,0.0659471529070288
INDEFM,100000,0,False,False,1.4985084389336407
INTEGREQ,502,500,True,False,0.6718757450580597
INTEQNE,12,12,True,False,0.006655602948740125
INTEQNELS,12,0,False,False,0.0008802490774542093
JANNSON3,20000,3,True,True,0.251284705940634
JANNSON4,10000,2,True,True,0.09344312408939004
JENSMP,2,0,False,False,0.0011092880740761757
JENSMPNE,2,10,True,False,0.0007873049471527338
JIMACK,3549,0,False,False,0.03337445808574557
JJTABEL3,3025,1650,True,False,0.014820294920355082
JNLBRNG1,10000,0,False,False,0.21480315597727895
JNLBRNG2,10000,0,False,False,0.21311235707253218
JNLBRNGA,10000,0,False,False,0.15670013707131147
JNLBRNGB,10000,0,False,False,0.186939206905663
JUNKTURN,10010,7000,True,False,0.09440126409754157
KIRBY2,5,151,True,False,0.0018846639432013035
KIRBY2LS,5,0,False,False,0.0015720799565315247
KISSING,127,903,True,False,0.017287991009652615
KISSING2,100,625,True,False,0.006107864901423454
KIWCRESC,3,2,True,False,0.0008982878644019365
KOEBHELB,3,0,False,False,0.0016200679820030928
KOWOSB,4,0,False,False,0.0007931850850582123
KOWOSBNE,4,11,True,False,0.0007542010862380266
KSIP,20,1001,True,False,0.023032828932628036
KSS,1000,1000,True,False,1.2086220141500235
KTMODEL,726,450,True,False,0.02632200811058283
LAKES,90,78,True,False,0.002638639882206917
LANCZOS1,6,24,True,False,0.001727932132780552
LANCZOS1LS,6,0,False,False,0.001722593093290925
LANCZOS2,6,24,True,False,0.0017243679612874985
LANCZOS2LS,6,0,False,False,0.0017166240140795708
LANCZOS3,6,24,True,False,0.0016521138604730368
LANCZOS3LS,6,0,False,False,0.0017324150539934635
LAUNCH,25,28,True,True,0.0016216090880334377
LCH,3000,1,True,False,0.032608098117634654
LEAKNET,156,153,True,False,0.0030011679045856
LEUVEN1,1530,2220,True,False,0.04230879503302276
LEUVEN2,1530,2329,True,False,0.03860511304810643
LEUVEN7,360,946,True,False,0.08268243004567921
LEWISPOL,6,9,True,True,0.001279914053156972
LHAIFAM,99,150,True,False,0.003588438034057617
LIARWHD,5000,0,False,False,0.07076919986866415
LIN,4,2,True,True,0.0011364230886101723
LINCONT,1257,419,True,False,0.01648724707774818
LINSPANH,97,33,True,True,0.0012889588251709938
LINVERSE,1999,0,False,False,0.04134397814050317
LIPPERT1,20201,50000,True,False,0.4263129879254848
LISWET1,2002,2000,True,False,0.031053300015628338
LISWET10,2002,2000,True,False,0.024580019991844893
LISWET11,2002,2000,True,False,0.03049992793239653
LISWET12,2002,2000,True,False,0.015137854963541031
LISWET2,2002,2000,True,False,0.034022905863821507
LISWET3,2002,2000,True,False,0.022259877994656563
LISWET4,2002,2000,True,False,0.02732647815719247
LISWET5,2002,2000,True,False,0.013499838998541236
LISWET6,2002,2000,True,False,0.03284197300672531
LISWET7,2002,2000,True,False,0.026532279094681144
LISWET8,2002,2000,True,False,0.02022759709507227
LISWET9,2002,2000,True,False,0.019780807895585895
LMINSURF,5625,0,False,False,0.06746957218274474
LOADBAL,31,31,True,False,0.0013072921428829432
LOGHAIRY,2,0,False,False,0.0006955359131097794
LOGROS,2,0,False,False,0.0007038030307739973
LOOTSMA,3,2,True,False,0.0007195209618657827
LOTSCHD,12,7,True,False,0.0007387381047010422
LSC1,3,6,True,False,0.0007134249899536371
LSC1LS,3,0,False,False,0.0007574888877570629
LSC2,3,6,True,False,0.0007014551665633917
LSC2LS,3,0,False,False,0.0007170999888330698
LSNNODOC,5,4,True,False,0.0007013638969510794
LSQFIT,2,1,True,False,0.0007076291367411613
LUBRIF,3751,2500,True,False,1.237845110008493
LUBRIFC,3751,2500,True,False,1.30687161302194
LUKSAN11,100,198,True,False,0.0018324118573218584
LUKSAN11LS,100,0,False,False,0.0014306430239230394
LUKSAN12,98,192,True,False,0.0014994179364293814
LUKSAN12LS,98,0,False,False,0.0015157628804445267
LUKSAN13,98,224,True,False,0.0016488130204379559
LUKSAN13LS,98,0,False,False,0.0016102029476314783
LUKSAN14,98,224,True,False,0.0015098100993782282
LUKSAN14LS,98,0,False,False,0.0017697790171951056
LUKSAN15,100,196,True,False,0.02137135900557041
LUKSAN15LS,100,0,False,False,0.026965694036334753
LUKSAN16,100,196,True,False,0.007846991997212172
LUKSAN16LS,100,0,False,False,0.008206591010093689
LUKSAN17,100,196,True,False,0.004275110084563494
LUKSAN17LS,100,0,False,False,0.004214223008602858
LUKSAN21,100,100,True,False,0.0016270270571112633
LUKSAN21LS,100,0,False,False,0.001580868847668171
LUKSAN22,100,198,True,False,0.002048758091405034
LUKSAN22LS,100,0,False,False,0.002031580777838826
LUKVLE1,10000,9998,True,False,0.14345820317976177
LUKVLE10,10000,9998,True,False,0.17829652596265078
LUKVLE11,9998,6664,True,False,0.18906422494910657
LUKVLE12,9997,7497,True,False,0.1575819910503924
LUKVLE13,9998,6664,True,False,0.14236900210380554
LUKVLE14,9998,6664,True,False,0.16446015983819962
LUKVLE15,9997,7497,True,False,0.12944742292165756
LUKVLE16,9997,7497,True,False,0.06812023394741118
LUKVLE17,9997,7497,True,False,0.12397525296546519
LUKVLE18,9997,7497,True,False,0.11943609500303864
LUKVLE2,10000,4999,True,False,0.1856561389286071
LUKVLE3,10000,2,True,False,0.16764832893386483
LUKVLE4,10000,4999,True,False,0.2640500708948821
LUKVLE5,10002,9996,True,False,0.3221495181787759
LUKVLE6,9999,4999,True,False,0.1226356748957187
LUKVLE7,10000,4,True,False,0.039390903897583485
LUKVLE8,10000,9998,True,False,0.20387533912435174
LUKVLE9,10000,6,True,False,0.08242998295463622
LUKVLI1,10000,9998,True,False,0.13975462992675602
LUKVLI10,10000,9998,True,False,0.20509657310321927
LUKVLI11,9998,6664,True,False,0.15807891404256225
LUKVLI12,9997,7497,True,False,0.08698369702324271
LUKVLI13,9998,6664,True,False,0.07251415099017322
LUKVLI14,9998,6664,True,False,0.0996893651317805
LUKVLI15,9997,7497,True,False,0.12457741610705853
LUKVLI16,9997,7497,True,False,0.0696510139387101
LUKVLI17,9997,7497,True,False,0.0684939050115645
LUKVLI18,9997,7497,True,False,0.13468987890519202
LUKVLI2,10000,4999,True,False,0.1848097499459982
LUKVLI3,10000,2,True,False,0.07536233705468476
LUKVLI4,10000,4999,True,False,0.2744435810018331
LUKVLI5,10002,9996,True,False,0.2651690209750086
LUKVLI6,9999,4999,True,False,0.246147733181715
LUKVLI7,10000,4,True,False,0.12692031590268016
LUKVLI8,10000,9998,True,False,0.2206289789173752
LUKVLI9,10000,6,True,False,0.04896552814170718
MADSEN,3,6,True,False,0.0010782468598335981
MADSSCHJ,201,398,True,False,0.05681191594339907
MAKELA1,3,2,True,False,0.0010920539498329163
MAKELA2,3,3,True,False,0.000720958923920989
MAKELA3,21,20,True,False,0.0008069020695984364
MAKELA4,21,40,True,False,0.0008596968837082386
MANCINO,100,0,False,False,0.041802539955824614
MANNE,6000,4000,True,False,0.052646419033408165
MARATOS,2,1,True,False,0.0010209281463176012
MARATOSB,2,0,False,False,0.000763195101171732
MARINE,11215,11192,True,False,0.11948064086027443
MATRIX2,6,2,True,False,0.0010286439210176468
MAXLIKA,8,0,False,True,0.024763155030086637
MCCORMCK,5000,0,False,True,0.033769503934308887
MCONCON,15,11,True,False,0.0010921750217676163
MDHOLE,2,0,False,False,0.0007186329457908869
MESH,41,48,True,False,0.0013727638870477676
METHANB8,31,31,True,False,0.0012264871038496494
METHANL8,31,31,True,False,0.0011799579951912165
METHANOL,12005,11997,True,False,0.4258433929644525
MEXHAT,2,0,False,False,0.00102433399297297
MEYER3,3,0,False,False,0.019278725143522024
MEYER3NE,3,16,True,False,0.0012484921608120203
MGH09,4,11,True,False,0.0007655681110918522
MGH09LS,4,0,False,False,0.0007617019582539797
MGH10,3,16,True,False,0.0007504019886255264
MGH10LS,3,0,False,False,0.008278644876554608
MGH10S,3,16,True,False,0.022008173866197467
MGH17,5,33,True,False,0.0011040649842470884
MGH17LS,5,0,False,False,0.0010170410387217999
MGH17S,5,33,True,False,0.0009685729164630175
MIFFLIN1,3,2,True,False,0.000759997172281146
MIFFLIN2,3,2,True,False,0.0007820480968803167
MINC44,1113,1032,True,False,0.01295397593639791
MINMAXBD,5,20,True,False,0.009280658094212413
MINMAXRB,3,4,True,False,0.0008277678862214088
MINPERM,1113,1033,True,False,0.020796246826648712
MINSURF,64,0,False,False,0.001325269928202033
MINSURFO,5306,0,False,False,0.0914262430742383
MISRA1A,2,14,True,False,0.0010795288253575563
MISRA1ALS,2,0,False,False,0.0007777588907629251
MISRA1B,2,14,True,False,0.0007471591234207153
MISRA1BLS,2,0,False,False,0.0007541568484157324
MISRA1C,2,14,True,False,0.0008058110252022743
MISRA1CLS,2,0,False,False,0.0008299630135297775
MISRA1D,2,14,True,False,0.0008657879661768675
MISRA1DLS,2,0,False,False,0.0008788059931248426
MISTAKE,9,13,True,False,0.0008856009226292372
MODBEALE,20000,0,False,False,0.3473344328813255
MODEL,1542,38,True,True,0.011240049963817
MOREBV,5000,0,False,False,0.06038027093745768
MOREBVNE,10,10,True,False,0.0011038749944418669
MOSARQP1,2500,700,True,False,0.02953521511517465
MOSARQP2,2500,700,True,False,0.033275727881118655
MPC1,2550,3833,True,False,0.05649460409767926
MPC10,1530,2351,True,False,0.04205786087550223
MPC11,1530,2351,True,False,0.04421069682575762
MPC12,1530,2351,True,False,0.038001067005097866
MPC13,1530,2351,True,False,0.04354788106866181
MPC14,1530,2351,True,False,0.033455766970291734
MPC15,1530,2351,True,False,0.026874969014897943
MPC16,1530,2351,True,False,0.03630829602479935
MPC2,1530,2351,True,False,0.026717263972386718
MPC3,1530,2351,True,False,0.02880990202538669
MPC4,1530,2351,True,False,0.03192373807542026
MPC5,1530,2351,True,False,0.03908395301550627
MPC6,1530,2351,True,False,0.02738173515535891
MPC7,1530,2351,True,False,0.016064105788245797
MPC8,1530,2351,True,False,0.027957674814388156
MPC9,1530,2351,True,False,0.015938677126541734
MRIBASIS,36,55,True,True,0.0014209470245987177
MSQRTA,1024,1024,True,False,0.09447654103860259
MSQRTALS,1024,0,False,False,0.0875553588848561
MSQRTB,1024,1024,True,False,0.10767252207733691
MSQRTBLS,1024,0,False,False,0.09729656879790127
MSS1,90,73,True,False,0.0016698120161890984
MSS2,756,703,True,False,0.010280895978212357
MSS3,2070,1981,True,False,0.03210973599925637
MUONSINE,1,512,True,False,0.003548064036294818
MWRIGHT,5,3,True,False,0.0007931569125503302
NASH,72,24,True,False,0.0011398871429264545
NCB20,5010,0,False,False,0.09408950596116483
NCB20B,5000,0,False,False,0.2903189498465508
NCVXBQP1,10000,0,False,True,0.05999293108470738
NCVXBQP2,10000,0,False,True,0.1023478910792619
NCVXBQP3,10000,0,False,True,0.0947297930251807
NCVXQP1,10000,5000,True,True,0.16037474106997252
NCVXQP2,10000,5000,True,True,0.06582983606494963
NCVXQP3,10000,5000,True,True,0.13356224703602493
NCVXQP4,10000,2500,True,True,0.11610248708166182
NCVXQP5,10000,2500,True,True,0.05808828095905483
NCVXQP6,10000,2500,True,True,0.12601149803958833
NCVXQP7,10000,7500,True,True,0.15556700085289776
NCVXQP8,10000,7500,True,True,0.1325252139940858
NCVXQP9,10000,7500,True,True,0.1600768999196589
NELSON,3,128,True,False,0.0016339870635420084
NELSONLS,3,0,False,False,0.0012996699661016464
NET1,48,57,True,False,0.015143328113481402
NET2,144,160,True,False,0.0017396439798176289
NET3,464,521,True,False,0.00371425598859787
NET4,66816,75024,True,False,0.8874020769726485
NGONE,200,5048,True,False,0.04674081411212683
NINE12,10399,11362,True,True,0.07049435703083873
NINE5D,10733,17295,True,True,0.16011591092683375
NINENEW,6546,7340,True,True,0.09303851402364671
NLMSURF,5625,0,False,False,0.06182360905222595
NOBNDTOR,5476,0,False,False,0.04839141806587577
NONCVXU2,5000,0,False,False,0.03392448811791837
NONCVXUN,5000,0,False,False,0.03778197709470987
NONDIA,5000,0,False,False,0.05970767396502197
NONDQUAR,5000,0,False,False,0.05596162588335574
NONMSQRT,4900,0,False,False,1.138651556102559
NONSCOMP,5000,0,False,True,0.024812086019665003
NUFFIELD,940,5000,True,False,0.043138704961165786
NYSTROM5,18,20,True,False,0.00781643483787775
OBSTCLAE,10000,0,False,True,0.08817786793224514
OBSTCLAL,10000,0,False,True,0.1745838460046798
OBSTCLBL,10000,0,False,True,0.1628550321329385
OBSTCLBM,10000,0,False,True,0.17097133700735867
OBSTCLBU,10000,0,False,True,0.19483668892644346
ODC,5184,0,False,False,0.06706078792922199
ODFITS,10,6,True,False,0.012740588979795575
ODNAMUR,11130,0,False,False,0.15271917404606938
OET1,3,1002,True,False,0.004647937137633562
OET2,3,1002,True,False,0.027140237856656313
OET3,4,1002,True,False,0.011682959971949458
OET4,4,1002,True,False,0.02364894887432456
OET5,5,1002,True,False,0.01179495407268405
OET6,5,1002,True,False,0.018333924002945423
OET7,7,1002,True,False,0.029098871164023876
OPTCDEG2,4502,3000,True,False,0.02096058987081051
OPTCDEG3,4502,3000,True,False,0.020869098138064146
OPTCNTRL,32,20,True,False,0.0011906318832188845
OPTCTRL3,4502,3000,True,False,0.04526284709572792
OPTCTRL6,4502,3000,True,False,0.022437616949900985
OPTMASS,30010,25005,True,False,0.1345863901078701
OPTPRLOC,30,30,True,True,0.007653621956706047
ORBIT2,2698,2097,True,False,0.0585742499679327
ORTHRDM2,8003,4000,True,False,0.42798819206655025
ORTHRDS2,5003,2500,True,False,0.19772631884552538
ORTHREGA,8197,4096,True,False,0.2921423891093582
ORTHREGB,27,6,True,False,0.0012616110034286976
ORTHREGC,5005,2500,True,False,0.14742961199954152
ORTHREGD,5003,2500,True,False,0.16738304705359042
ORTHREGE,7506,5000,True,False,0.23040624102577567
ORTHREGF,4805,1600,True,False,0.07753685186617076
ORTHRGDM,10003,5000,True,False,0.6359118379186839
ORTHRGDS,5003,2500,True,False,0.18515786505304277
OSBORNE1,5,33,True,False,0.0012522730976343155
OSBORNE2,11,65,True,False,0.009782033041119576
OSBORNEA,5,0,False,False,0.009184969123452902
OSBORNEB,11,0,False,False,0.04106988408602774
OSCIGRAD,100000,0,False,False,0.6830591319594532
OSCIGRNE,100000,100000,True,False,1.2843205709941685
OSCIPANE,10,10,True,False,0.016631160164251924
OSCIPATH,10,0,False,False,0.007667470956221223
OSLBQP,8,0,False,False,0.04455395392142236
OSORIO,10201,202,True,False,0.06834527920000255
PALMER1,4,0,False,False,0.0062786361668258905
PALMER1A,6,0,False,False,0.0012658790219575167
PALMER1B,4,0,False,False,0.009448175085708499
PALMER1C,8,0,False,False,0.015254138968884945
PALMER1D,7,0,False,False,0.0015247350092977285
PALMER1E,8,0,False,False,0.0012931700330227613
PALMER2,4,0,False,False,0.0011385739780962467
PALMER2A,6,0,False,False,0.0011554029770195484
PALMER2B,4,0,False,False,0.0011006630957126617
PALMER2C,8,0,False,False,0.024521314073354006
PALMER2E,8,0,False,False,0.0015537869185209274
PALMER3,4,0,False,False,0.0011581690050661564
PALMER3A,6,0,False,False,0.009974062908440828
PALMER3B,4,0,False,False,0.0012013600207865238
PALMER3C,8,0,False,False,0.015372127993032336
PALMER3E,8,0,False,False,0.006219903007149696
PALMER4,4,0,False,False,0.011021452024579048
PALMER4A,6,0,False,False,0.009032599860802293
PALMER4B,4,0,False,False,0.007501740008592606
PALMER4C,8,0,False,False,0.01946847210638225
PALMER4E,8,0,False,False,0.020770230097696185
PALMER5A,8,0,False,False,0.013634933158755302
PALMER5B,9,0,False,False,0.010583898983895779
PALMER5C,6,0,False,False,0.001252015121281147
PALMER5D,4,0,False,False,0.0016212239861488342
PALMER5E,8,0,False,False,0.012379419058561325
PALMER6A,6,0,False,False,0.010634982958436012
PALMER6C,8,0,False,False,0.001404767856001854
PALMER6E,8,0,False,False,0.0012451950460672379
PALMER7A,6,0,False,False,0.013163011986762285
PALMER7C,8,0,False,False,0.0012296729255467653
PALMER7E,8,0,False,False,0.0012245138641446829
PALMER8A,6,0,False,False,0.0013281661085784435
PALMER8C,8,0,False,False,0.019262959016487002
PALMER8E,8,0,False,False,0.0014583200681954622
PARKCH,15,0,False,False,0.01590222609229386
PENALTY1,1000,0,False,False,0.024024431128054857
PENALTY2,200,0,False,False,0.0042015910148620605
PENLT1NE,10,11,True,False,0.0011672121472656727
PENLT2NE,4,8,True,False,0.010325822979211807
PENTAGON,6,15,True,False,0.001293631037697196
PENTDI,5000,0,False,False,0.03447632095776498
PFIT1,3,3,True,False,0.006172868888825178
PFIT1LS,3,0,False,False,0.013917144853621721
PFIT2,3,3,True,False,0.021768138045445085
PFIT2LS,3,0,False,False,0.014159590005874634
PFIT3,3,3,True,False,0.0012804351281374693
PFIT3LS,3,0,False,False,0.0010640909895300865
PFIT4,3,3,True,False,0.006975404918193817
PFIT4LS,3,0,False,False,0.01633329107426107
PINENE,8805,8795,True,False,0.11460761306807399
POLAK1,3,2,True,False,0.020381594076752663
POLAK2,11,2,True,False,0.01437566801905632
POLAK3,12,10,True,False,0.001340257003903389
POLAK4,3,3,True,False,0.01957871695049107
POLAK5,3,2,True,False,0.0061891269870102406
POLAK6,5,4,True,False,0.0012861820869147778
POLYGON,200,5049,True,True,0.06526260101236403
POROUS1,5184,4900,True,False,0.09049219381995499
POROUS2,5184,4900,True,False,0.08199934288859367
PORTFL1,12,1,True,True,0.0017807458061724901
PORTFL2,12,1,True,True,0.001423190115019679
PORTFL3,12,1,True,True,0.0014191819354891777
PORTFL4,12,1,True,True,0.0014451961033046246
PORTFL6,12,1,True,True,0.001527152955532074
PORTSNQP,100000,2,True,False,0.8948457899969071
PORTSQP,100000,1,True,False,0.9005218958482146
POWELL20,5000,5000,True,False,0.07417112193070352
POWELLBC,1000,0,False,True,1.1080138650722802
POWELLBS,2,2,True,False,0.013780262088403106
POWELLBSLS,2,0,False,False,0.016072455095127225
POWELLSE,4,4,True,False,0.009385732933878899
POWELLSG,5000,0,False,False,0.046174512011930346
POWELLSQ,2,2,True,False,0.011189772980287671
POWER,10000,0,False,False,0.02469736197963357
PRIMAL1,325,85,True,False,0.004066644934937358
PRIMAL2,649,96,True,False,0.009241536958143115
PRIMAL3,745,111,True,False,0.015939095988869667
PRIMAL4,1489,75,True,False,0.014599562156945467
PRIMALC1,230,9,True,False,0.013373841997236013
PRIMALC2,231,7,True,False,0.0021930518560111523
PRIMALC5,287,8,True,False,0.0025244501885026693
PRIMALC8,520,8,True,False,0.00443573622033
PROBPENL,500,0,False,True,0.012272760970517993
PRODPL0,60,29,True,False,0.0010425220243632793
PRODPL1,60,29,True,False,0.0009112181141972542
PSPDOC,4,0,False,False,0.012263586046174169
PT,2,501,True,False,0.0026883811224251986
QC,9,4,True,True,0.0009365149307996035
QCNEW,9,3,True,True,0.0008462369441986084
QPBAND,50000,25000,True,True,0.5767913449089974
QPCBLEND,83,74,True,False,0.010593120940029621
QPCBOEI1,384,351,True,False,0.004378800978884101
QPCBOEI2,143,166,True,False,0.011801572982221842
QPCSTAIR,467,356,True,False,0.018645596923306584
QPNBAND,50000,25000,True,True,0.5723125520162284
QPNBLEND,83,74,True,False,0.004488317063078284
QPNBOEI1,384,351,True,False,0.004024473950266838
QPNBOEI2,143,166,True,False,0.00198900094255805
QPNSTAIR,467,356,True,False,0.004612706834450364
QR3D,610,610,True,False,0.014328446006402373
QR3DBD,457,610,True,False,0.03588956198655069
QR3DLS,610,0,False,False,0.025554270949214697
QRTQUAD,5000,0,False,False,0.06559744314290583
QUARTC,5000,0,False,False,0.020230460911989212
QUDLIN,5000,0,False,True,0.0292201591655612
RAT42,3,9,True,False,0.0010816529393196106
RAT42LS,3,0,False,False,0.021747160935774446
RAT43,4,15,True,False,0.013084016041830182
RAT43LS,4,0,False,False,0.016606266144663095
RAYBENDL,2050,0,False,False,0.00978143885731697
RAYBENDS,2050,0,False,False,0.014876483008265495
READING1,4002,2000,True,True,0.05599811393767595
READING2,6003,4000,True,False,0.028972444823011756
READING3,4002,2001,True,True,0.06251817010343075
READING4,5001,5000,True,True,0.03571914881467819
READING5,5001,5000,True,True,0.06119095394387841
READING6,102,50,True,False,0.02036108309403062
READING7,1002,500,True,False,0.10234608384780586
READING8,2002,1000,True,False,0.40691020991653204
READING9,10002,5000,True,False,0.09506705799140036
RECIPE,3,3,True,False,0.012055461993440986
RES,20,14,True,True,0.015801158966496587
RK23,17,11,True,False,0.01294327387586236
ROBOT,14,2,True,True,0.0009527008514851332
ROBOTARM,4412,3202,True,False,0.08685685694217682
ROCKET,2407,2002,True,False,0.03173852991312742
ROSENBR,2,0,False,False,0.013034499017521739
ROSENMMX,5,4,True,False,0.001070474972948432
ROSEPETAL2,10001,20001,True,False,0.19164350908249617
ROSZMAN1,4,25,True,False,0.012807149905711412
ROSZMAN1LS,4,0,False,False,0.013493731850758195
ROTDISC,905,1081,True,False,0.016684842063114047
RSNBRNE,2,2,True,False,0.009458475979045033
S268,5,5,True,False,0.0036948479246348143
S277-280,4,4,True,False,0.0008332501165568829
S308,2,0,False,False,0.004321696935221553
S316-322,2,1,True,False,0.0009525069035589695
S365,7,5,True,False,0.0007745979819446802
S365MOD,7,5,True,False,0.019237529020756483
S368,8,0,False,True,0.021847191965207458
SANTA,21,23,True,True,0.006260441150516272
SANTALS,21,0,False,True,0.013128604041412473
SARO,4754,4015,True,False,0.07274769805371761
SAROMM,5120,5110,True,False,0.0689548458904028
SAWPATH,583,774,True,False,0.02548834588378668
SBRYBND,5000,0,False,False,0.1194869780447334
SCHMVETT,5000,0,False,False,0.09250672510825098
SCOND1LS,5002,0,False,True,0.04384670383296907
SCOSINE,5000,0,False,False,0.04434194904752076
SCURLY10,10000,0,False,False,0.13792140712030232
SCURLY20,10000,0,False,False,0.23370014503598213
SCURLY30,10000,0,False,False,0.34820796200074255
SEMICN2U,5002,5000,True,False,0.09209239296615124
SEMICON1,5002,5000,True,True,0.08931097714230418
SEMICON2,5002,5000,True,True,0.07678522891364992
SENSORS,100,0,False,False,0.04355948092415929
SIM2BQP,2,0,False,True,0.01733897509984672
SIMBQP,2,0,False,False,0.015717506874352694
SIMPLLPA,2,2,True,False,0.009508440038189292
SIMPLLPB,2,3,True,False,0.006646952126175165
SINEALI,1000,0,False,True,0.022142667090520263
SINEVAL,2,0,False,False,0.013874368974938989
SINQUAD,5000,0,False,False,0.25840765004977584
SINROSNB,1000,999,True,False,0.040667083114385605
SINVALNE,2,2,True,False,0.0012644771486520767
SIPOW1,2,2000,True,False,0.0075509201269596815
SIPOW1M,2,2000,True,False,0.01668609492480755
SIPOW2,2,2000,True,False,0.02008710615336895
SIPOW2M,2,2000,True,False,0.019539528992027044
SIPOW3,4,2000,True,False,0.03929173504002392
SIPOW4,4,2000,True,False,0.027301075169816613
SISSER,2,0,False,False,0.012927294010296464
SMBANK,117,64,True,True,0.015918211080133915
SMMPSF,720,263,True,False,0.014481999911367893
SNAIL,2,0,False,False,0.0013480468187481165
SNAKE,2,2,True,False,0.005205882014706731
SOSQP1,5000,2501,True,True,0.04458608012646437
SOSQP2,5000,2501,True,True,0.05240941606462002
SPANHYD,97,33,True,True,0.013744653901085258
SPARSINE,5000,0,False,False,0.07313069002702832
SPARSQUR,10000,0,False,False,0.14551246911287308
SPECAN,9,0,False,True,0.5587719290051609
SPIN,1327,1325,True,False,0.03607592382468283
SPIN2,102,100,True,False,0.033256554044783115
SPIN2OP,102,100,True,False,0.034835016122087836
SPINOP,1327,1325,True,False,0.03464385704137385
SPIRAL,3,2,True,False,0.010094872210174799
SPMSQRT,4999,8329,True,False,0.09875193401239812
SPMSRTLS,4999,0,False,False,0.0883563719689846
SREADIN3,4002,2001,True,True,0.07353610103018582
SROSENBR,5000,0,False,False,0.11516430391930044
SSBRYBND,5000,0,False,False,0.14536186098121107
SSC,5184,0,False,False,0.16895400010980666
SSCOSINE,5000,0,False,False,0.06573878997005522
SSEBLIN,194,72,True,False,0.025396825978532434
SSEBNLN,194,96,True,False,0.020682957023382187
SSI,3,0,False,False,0.0146057209931314
SSINE,3,2,True,False,0.015126473968848586
SSNLBEAM,3003,2000,True,False,0.03761053504422307
STANCMIN,3,2,True,False,0.005305054830387235
STATIC3,434,96,True,False,0.005798297934234142
STCQP1,8193,4095,True,True,0.17533676815219223
STCQP2,8193,4095,True,True,0.1901488450821489
STEENBRA,432,108,True,False,0.015452814986929297
STEENBRB,468,108,True,False,0.0024215669836848974
STEENBRC,540,126,True,False,0.002470111008733511
STEENBRD,468,108,True,False,0.0021982789039611816
STEENBRE,540,126,True,False,0.007804950932040811
STEENBRF,468,108,True,False,0.007267318898811936
STEENBRG,540,126,True,False,0.0025300169363617897
STEERING,2006,1600,True,False,0.05773857515305281
STNQP1,8193,4095,True,True,0.19755799509584904
STNQP2,8193,4095,True,True,0.20682265306822956
STRATEC,10,0,False,False,0.012624793918803334
SUPERSIM,2,2,True,False,0.014272421831265092
SVANBERG,5000,5000,True,True,0.05940826702862978
SWOPF,83,92,True,False,0.007218254031613469
SYNPOP24,6968,7353,True,False,0.12116608512587845
SYNTHES1,6,6,True,True,0.013551292009651661
SYNTHES2,11,14,True,False,0.0011403600219637156
SYNTHES3,17,23,True,True,0.0009399340488016605
TABLE1,1584,510,True,False,0.011961729964241385
TABLE3,4992,2464,True,False,0.06365344300866127
TABLE4,4992,2464,True,False,0.08639532094821334
TABLE5,4992,2464,True,False,0.06044948007911444
TABLE6,1584,510,True,False,0.02156519703567028
TABLE7,624,230,True,False,0.01617138902656734
TABLE8,1271,72,True,True,0.015150797786191106
TAME,2,1,True,False,0.016185696003958583
TARGUS,162,63,True,False,0.015192006016150117
TENBARS1,18,9,True,False,0.0050788759253919125
TENBARS2,18,8,True,False,0.001231224974617362
TENBARS3,18,8,True,False,0.012601011898368597
TENBARS4,18,9,True,False,0.012579465983435512
TESTQUAD,5000,0,False,False,0.03888160199858248
TFI1,3,101,True,False,0.008531084982678294
TFI2,3,101,True,False,0.0013958029448986053
TFI3,3,101,True,False,0.014946609968319535
THURBER,7,37,True,False,0.005660973954945803
THURBERLS,7,0,False,False,0.015507136937230825
TOINTGOR,50,0,False,False,0.008870589081197977
TOINTGSS,5000,0,False,False,0.05244197603315115
TOINTPSP,50,0,False,False,0.014577210880815983
TOINTQOR,50,0,False,False,0.013049856061115861
TORSION1,5476,0,False,True,0.09547372185625136
TORSION2,5476,0,False,True,0.0997535209171474
TORSION3,5476,0,False,True,0.08418790996074677
TORSION4,5476,0,False,True,0.09095098287798464
TORSION5,5476,0,False,True,0.09639737592078745
TORSION6,5476,0,False,True,0.09428285900503397
TORSIONA,5476,0,False,True,0.1265493668615818
TORSIONB,5476,0,False,True,0.11441996414214373
TORSIONC,5476,0,False,True,0.12459737691096961
TORSIOND,5476,0,False,True,0.12328442302532494
TORSIONE,5476,0,False,True,0.13617930701002479
TORSIONF,5476,0,False,True,0.060389674035832286
TOYSARAH,2890,1649,True,False,0.052687183022499084
TQUARTIC,5000,0,False,False,0.11937210685573518
TRAINF,4008,2002,True,False,0.04466076078824699
TRAINH,4008,2002,True,False,0.022531704977154732
TRIDIA,5000,0,False,False,0.04229507385753095
TRIGGER,7,6,True,False,0.011008145986124873
TRIMLOSS,142,75,True,False,0.005877326941117644
TRO11X3,150,61,True,False,0.01820271206088364
TRO21X5,540,201,True,False,0.02987549197860062
TRO3X3,30,13,True,False,0.007571082096546888
TRO41X9,2040,721,True,False,0.04613211890682578
TRO4X4,63,25,True,False,0.009505439084023237
TRO5X5,108,41,True,False,0.0020022180397063494
TRO6X2,45,21,True,False,0.0012860328424721956
TRUSPYR1,11,4,True,False,0.006909613963216543
TRUSPYR2,11,11,True,False,0.004795698914676905
TRY-B,2,1,True,False,0.0009163471404463053
TWIRIBG1,3127,1239,True,True,0.7949510780163109
TWIRIMD1,1247,712,True,True,0.11142504215240479
TWIRISM1,343,313,True,True,0.024815571028739214
TWO5IN6,5681,9629,True,True,0.10612771310843527
TWOBARS,2,2,True,True,0.022819846170023084
TWOD,70521,67080,True,True,0.987511218059808
UBH1,9009,6000,True,False,0.16736058797687292
UBH5,5010,3500,True,False,0.051613736897706985
VANDANIUMS,22,10,True,False,0.012904595118016005
VANDERM1,100,199,True,False,0.047380409901961684
VANDERM2,100,199,True,False,0.04146692203357816
VANDERM3,100,199,True,False,0.03413838497363031
VANDERM4,100,199,True,False,0.044375166995450854
VARDIM,200,0,False,False,0.009180929977446795
VARDIMNE,10,12,True,False,0.00467006815597415
VAREIGVL,50,0,False,False,0.018566374899819493
VESUVIA,8,1025,True,False,0.05161957605741918
VESUVIALS,8,0,False,False,0.03960003983229399
VESUVIO,8,1025,True,False,0.03691078908741474
VESUVIOLS,8,0,False,False,0.04049098794348538
VESUVIOU,8,1025,True,False,0.02845063409768045
VESUVIOULS,8,0,False,False,0.037663115886971354
VIBRBEAM,8,0,False,False,0.0016633919440209866
WACHBIEG,3,2,True,False,0.006323098903521895
WALL10,1461,0,False,False,0.04606314795091748
WALL20,5924,0,False,False,0.17958125309087336
WALL50,37311,0,False,False,1.0901144298259169
WATER,31,10,True,True,0.017690405016765
WATSON,12,0,False,False,0.0015049739740788937
WATSONNE,12,31,True,False,0.010130454087629914
WEEDS,3,0,False,False,0.013779996894299984
WOMFLET,3,3,True,False,0.009814028861001134
WOODS,4000,0,False,False,0.04573024110868573
WOODSNE,4000,3001,True,False,0.05543809104710817
YAO,2002,2000,True,False,0.03520222892984748
YATP1LS,2600,0,False,False,0.042935734847560525
YATP1NE,2600,2600,True,False,0.028038013027980924
YATP1SS,2600,2600,True,False,0.05082993186078966
YATP2LS,2600,0,False,False,0.047241568099707365
YFIT,3,0,False,False,0.014376188162714243
YFITNE,3,17,True,False,0.01652331301011145
YFITU,3,0,False,False,0.015168535988777876
YORKNET,312,256,True,False,0.009543376974761486
ZAMB2,3966,1440,True,True,0.04767966992221773
ZAMB2-10,270,96,True,True,0.013677213108167052
ZAMB2-11,270,96,True,True,0.012959189945831895
ZAMB2-8,138,48,True,True,0.021751431049779058
ZAMB2-9,138,48,True,True,0.018582836957648396
ZANGWIL2,2,0,False,False,0.013787186937406659
ZANGWIL3,3,3,True,False,0.001261918107047677
ZECEVIC2,2,2,True,True,0.014780871104449034
ZECEVIC3,2,2,True,True,0.015547702088952065
ZECEVIC4,2,2,True,True,0.012321298941969872
ZIGZAG,3004,2500,True,False,0.04307652288116515
ZY2,3,2,True,False,0.0014463569968938828
